accuracy,loss,val_accuracy,val_loss
0.5008062720298767,1.264167070388794,0.5009552240371704,1.2474950551986694
